{"cameraMode":{"drawMode":0,"name":"Shaded","section":"Shading Mode"},"sceneLighting":true,"audioPlay":false,"sceneViewState":{"showFog":true,"showMaterialUpdate":true,"showSkybox":true,"showFlares":true,"showImageEffects":true,"showParticleSystems":true},"in2DMode":false,"pivot":{"x":1.1320676803588868,"y":-0.08705973625183106,"z":-1.6462936401367188},"rotation":{"x":0.11940550059080124,"y":-0.8515474200248718,"z":0.22091390192508698,"w":0.4604502022266388},"size":9.63040828704834,"orthographic":false}