{"cameraMode":{"drawMode":0,"name":"Shaded","section":"Shading Mode"},"sceneLighting":false,"audioPlay":false,"sceneViewState":{"showFog":true,"showMaterialUpdate":true,"showSkybox":false,"showFlares":true,"showImageEffects":true,"showParticleSystems":true},"in2DMode":false,"pivot":{"x":0.009571781381964684,"y":0.005626078695058823,"z":-0.00036080600693821907},"rotation":{"x":-0.011444519273936749,"y":0.8337495923042297,"z":0.017238089814782144,"w":0.5518331527709961},"size":0.012941556982696057,"orthographic":false}