{"cameraMode":{"drawMode":0,"name":"Shaded","section":"Shading Mode"},"sceneLighting":false,"audioPlay":false,"sceneViewState":{"showFog":true,"showMaterialUpdate":true,"showSkybox":false,"showFlares":true,"showImageEffects":true,"showParticleSystems":true},"in2DMode":false,"pivot":{"x":-0.002390719950199127,"y":0.05265823379158974,"z":0.0050157890655100349},"rotation":{"x":-0.011444519273936749,"y":0.8337495923042297,"z":0.017238089814782144,"w":0.5518331527709961},"size":0.08757371455430985,"orthographic":false}