{"cameraMode":{"drawMode":0,"name":"Shaded","section":"Shading Mode"},"sceneLighting":true,"audioPlay":false,"sceneViewState":{"showFog":true,"showMaterialUpdate":false,"showSkybox":true,"showFlares":true,"showImageEffects":true,"showParticleSystems":true},"in2DMode":false,"pivot":{"x":1.1030340194702149,"y":0.3773677349090576,"z":-1.0044007301330567},"rotation":{"x":-0.05089341849088669,"y":-0.9366387724876404,"z":0.15337474644184113,"w":-0.31080055236816409},"size":9.813697814941407,"orthographic":false}