{"cameraMode":{"drawMode":0,"name":"Shaded","section":"Shading Mode"},"sceneLighting":true,"audioPlay":false,"sceneViewState":{"showFog":true,"showMaterialUpdate":false,"showSkybox":false,"showFlares":true,"showImageEffects":true,"showParticleSystems":true},"in2DMode":false,"pivot":{"x":0.1574997901916504,"y":0.4453500509262085,"z":-0.069000244140625},"rotation":{"x":-0.17317330837249757,"y":0.3288251757621765,"z":-0.06147067993879318,"w":-0.9263413548469544},"size":4.776422500610352,"orthographic":false}